student_ID,rank_label_1
0088dc183f73c83f763e,Top 2/3
00cbf05221bb479e66c3,Top 2/3
00df647ee4bf7173642f,Top 2/3
0107f72b66cbd1a0926d,Top 1/3
011d454f199c123d44ad,Top 1/3
01558eef77a8d39b7103,Top 1/3
016226278e6a69e10aa4,Top 2/3
01a691413dc5897db83f,Top 2/3
01d8aa21ef476b66c573,Top 1/3
01qkq6w2v62cimidb3b7,Top 3/3
02068067a434adb6556a,Top 3/3
0258f681a9e1756dfc76,Top 2/3
03754dce5ec7731fb3e2,Top 1/3
037a76bc8e6bf5fe1fc0,Top 1/3
03aa0b20dd4af1888eef,Top 2/3
03b463f52c0fff35433b,Top 1/3
03e0c9bff3a9557480d9,Top 2/3
04f2689b4ea16d8d7d9a,Top 3/3
0557b1363a5092b5811f,Top 2/3
0559e9cf806dab4cc20d,Top 2/3
056ab41140f68c15db14,Top 2/3
058c03d945c4ae0978a0,Top 1/3
05e1c3ce1728da7e37e0,Top 3/3
05e6d9723ab3cde0841d,Top 2/3
061db2c91f94c612f2d4,Top 1/3
06309f4c8785254f4c13,Top 1/3
06aff3e28c5db152f506,Top 1/3
071685b292483b04e836,Top 1/3
074d7f43de7264306775,Top 2/3
077d5c82c9ee5019220f,Top 1/3
07e3362d20ff4337671b,Top 1/3
091554ffa26fc9b17c36,Top 1/3
09400a9b50b6c96c5510,Top 1/3
098b2c66cbc1ed736e14,Top 1/3
0999173c045ee29a0b44,Top 1/3
09dfa3f18e48917f0242,Top 2/3
09e4bfadd7e012c37c7c,Top 1/3
0a7f1a73361654329281,Top 1/3
0a8736f6520cea837d94,Top 2/3
0b02f701b1179f9f74f9,Top 2/3
0b16d35f1f39a063708a,Top 2/3
0b28c0a454678b75eefb,Top 1/3
0b307ee95b41e222f204,Top 1/3
0b828e1ae026c57b34dd,Top 1/3
0b8bea274b24847526b7,Top 2/3
0bb8692f43a372e8d967,Top 1/3
0c57caf5358d30408034,Top 1/3
0c670262b3941d307600,Top 1/3
0c81ca27b7d931b6ff6e,Top 2/3
0d260d8fac2289c8ed9e,Top 2/3
0d4a3518a188f6888380,Top 1/3
0dapvs3h4h3h1ahmt2o8,Top 2/3
0df40593e76a840fd64b,Top 2/3
0e062d9fa22dc8e3bca2,Top 1/3
0e804947f4cdc2721046,Top 1/3
0eb6eec8b4bee8ab6a44,Top 2/3
0ef8b2c9e039eaace596,Top 2/3
0f160cd19890b97092b9,Top 1/3
0f8bd9e33125347965a1,Top 2/3
0fc996fff93c00ca5ced,Top 2/3
0gfiioqi5g8djhh1wzol,Top 3/3
0i1e50rz4mkhee97xvpo,Top 3/3
0lgtv09uoh3ova8sjbze,Top 3/3
0m2kzubx9r60wyrsjj7j,Top 3/3
0m8o7nuv982vnv3328qw,Top 3/3
0maggb1hf886m5u6p2vr,Top 3/3
0qamadarf6xhm9pm2jta,Top 3/3
0sgnvj4zfg3xjjb9fl6h,Top 3/3
0txd5enpfmbrth46w74b,Top 3/3
0z4mockl76xn8mhdaehw,Top 3/3
1096bd470d3ddff1ec1c,Top 2/3
10de703c06bf9d873d68,Top 1/3
10qi28ikwz4c4v22b06i,Top 3/3
10xnkvdetxarrkdhx4i9,Top 3/3
117ee98c7f916c88ddbb,Top 2/3
119b36a5797d5ce69625,Top 1/3
11dae4659d30031a10dd,Top 1/3
1202c731c612353ceef0,Top 2/3
1224ceafb61456a033d0,Top 2/3
12s3yomv0kltozc1qxc4,Top 3/3
1329b6cf41debecda787,Top 1/3
132c90d4a027a4477ad0,Top 2/3
1367d35cf39783effa7a,Top 3/3
139429592a9c23c08b71,Top 1/3
1397545fbe9882e5cd42,Top 1/3
13de1d3a55477a0c0329,Top 1/3
13f8b8305f6c25c21921,Top 2/3
13nq2h723zixyhir01lf,Top 3/3
148o63s7q5aitfxmmtrg,Top 2/3
151cd83784ab9007e8d8,Top 2/3
152a0c17daaaa4e65e14,Top 1/3
1552f58e2818ce7fa863,Top 2/3
15ab118362ecbbd03b52,Top 1/3
1629f353a742f6a73251,Top 1/3
166cb02ac436c9d3662f,Top 2/3
16c505069c1e5c2bece5,Top 1/3
16d68f70cf5e52d0b34a,Top 2/3
170a695a2717bcd9b74b,Top 2/3
17656005bd4086137ab7,Top 2/3
17dda5f588bed077c742,Top 1/3
17e429460d5fda251953,Top 2/3
17f2d0e73044110cdea5,Top 1/3
18654732ca312afc173f,Top 1/3
1883af270e36a7580332,Top 1/3
18cdd44af62c6935e7a0,Top 2/3
1974349ec27d7d67bf08,Top 2/3
19793e7e55b68c8dd776,Top 2/3
19buea1jycypffshcw38,Top 3/3
19fb3075dd2798538c9d,Top 1/3
19rc4zj7sw4ms0996992,Top 3/3
1afepx549ssnar1m9acp,Top 3/3
1b0baf552d2cd47ee10b,Top 1/3
1b25734414fcc7466153,Top 2/3
1b36a3223f9dd94a211f,Top 2/3
1bd9bb053a3ac1bba507,Top 1/3
1c2aef3af32f6323a31d,Top 1/3
1ca19e51244cdd3f09ff,Top 1/3
1cfe33c5b178a0c2367f,Top 1/3
1d50eac067378042684b,Top 2/3
1d7229e0f5f825007870,Top 1/3
1e25b47eaef62694a236,Top 1/3
1eekhswi2ckx4uw0j1c9,Top 3/3
1f4oscu6io8xlog2157e,Top 3/3
1f56b6bda24efafcf3a4,Top 2/3
1f67cb2e7affbb00b6c8,Top 2/3
1fa4f2361b8a03040292,Top 1/3
1fc5b87acdfc2a8b580c,Top 1/3
1feef8b4129f5bf21e67,Top 1/3
1hrtipd0awjpggdje5e2,Top 3/3
1hues7esy9erdsses6m0,Top 3/3
1kvfwfp2hr5hjxjxzjqd,Top 2/3
1mp9yiw6rkrr3846047g,Top 3/3
1n42senfkcjopw1zh39l,Top 3/3
1nebcwra7a0fduy8c1fa,Top 3/3
1nyzl7s790ta4c8r1l9g,Top 3/3
1otvyki9oso9bg6ob16u,Top 3/3
1t6e0wa99fijxi3ssnzk,Top 3/3
1vb2vsoy23nr0monflhx,Top 3/3
2007f4965d2aa6064a25,Top 1/3
204a7d6db340a3c18ca7,Top 1/3
204fdbe885269686a392,Top 2/3
20f97b68982d1b2f5c73,Top 2/3
211ed39c57c6e6cdefbf,Top 1/3
2150588a5903d9a77b79,Top 2/3
217c87d59a4372c4f3fc,Top 2/3
219jkfkejubvu4dvuv13,Top 3/3
21e23771e52cb5291b19,Top 2/3
21fc5674d24be8e9da89,Top 1/3
222d5ee50487a2b8601b,Top 1/3
22ae866c664a147f9971,Top 1/3
22fey6dqzcrm0jbtfnmm,Top 2/3
22wb5ostye8edvfar59p,Top 3/3
23dd64a1d2e4965198bf,Top 1/3
23f1f5d3d90e2890a423,Top 2/3
24524df0ca55659c384e,Top 2/3
24ca7714d40e2fe53821,Top 2/3
25019b8f1c3ac537894b,Top 1/3
25c8e1ae2335e8c3e5b3,Top 2/3
264320c6b92b92795ba0,Top 2/3
27cc9165eef05eb1733f,Top 1/3
2826ec26211d83efd2c6,Top 1/3
2842c82981077b78b3cd,Top 2/3
28719a42e0cbf4991b7f,Top 1/3
28bc8af257c48eac3bf1,Top 1/3
28d90a892cc66338f962,Top 2/3
28tmrs0kyrrh1odyvf21,Top 3/3
29172d2e39ca0d890848,Top 1/3
2933a3227c7ce7fe21eb,Top 2/3
2959d8017312337a2ba6,Top 2/3
29acddb87cfe062d73f5,Top 2/3
2a003b122e9500e465c4,Top 2/3
2a515047aa9d085849a2,Top 2/3
2a6394114c31a10dc92b,Top 2/3
2a6ap0t2rsvoogmydj3a,Top 3/3
2af634997fba501740c2,Top 1/3
2b3492096a4d12bb86cd,Top 3/3
2b54ed4af8281eb82f58,Top 2/3
2b935bfe06ef02369807,Top 1/3
2b9ef4e3749f713870b0,Top 2/3
2c27d4de6ae130e7e242,Top 2/3
2c3b89432513b2035664,Top 1/3
2c6339f7c23a64d02081,Top 1/3
2c7d02c44b47e3d24d52,Top 1/3
2ccfa5f79c8b61e465d4,Top 2/3
2d526c27123e59103e29,Top 2/3
2d9a38c93e37bc475cb6,Top 1/3
2db6dd71f1d07300382c,Top 1/3
2ddkknvpbz2j9wlvybtj,Top 2/3
2e2c00240c341a4265e3,Top 1/3
2e3e7cbe0e69add8d31a,Top 2/3
2e40c1b07d32d3b80862,Top 2/3
2e54b1c7bff5847c82a8,Top 2/3
2ea821273e01ec758583,Top 1/3
2ecb7fb5ff8899614c12,Top 1/3
2egpenarap9h0a2k0bc5,Top 3/3
2f3c37735e817244e646,Top 1/3
2f3ef424b925a9881b81,Top 2/3
2fe9648ea28753c73c2c,Top 2/3
2h9c9tdsnoz1hyzo5frt,Top 3/3
2jvnsh0veb6qnn3uv6i8,Top 2/3
2krjeqjgjqfuumdo3ibt,Top 3/3
2svwdpmdpjsdzafekntw,Top 3/3
2ui63dibc4r8oo0p9agh,Top 3/3
2uxkhe454qk8jvk0ufvp,Top 2/3
2xk6toebmkxdw8f2bypd,Top 1/3
2xsbkm76x36qvddrl2yo,Top 3/3
2zfdinkl7qrn0o62tlp4,Top 3/3
301f57984e5d2969c938,Top 1/3
306627b1ecbdf4e3aa34,Top 2/3
3094825929f936abb792,Top 2/3
311abc37a94ae8afe41a,Top 1/3
31741464205aa8cdb4f5,Top 1/3
3267b84814316e2fa25e,Top 1/3
329622100fe091a4c48c,Top 2/3
32n93dfesjggabieb85t,Top 2/3
3313c40ea45a87f9d2e7,Top 1/3
33184c1cba6a37cdbda2,Top 2/3
33b73273ab8e1a11fcda,Top 1/3
33c123d08dc07edb50f9,Top 1/3
33ddb1517601db520cd6,Top 1/3
34aaaa47df8c4aa4d926,Top 2/3
34qcy2qj5lij7g82hpvw,Top 3/3
3531c5f9d520759ba697,Top 1/3
3555053023c67d592439,Top 1/3
3565d61f3efec69e611c,Top 1/3
359f25d9131a0699405b,Top 2/3
35e028ec34bfdb7a6d26,Top 2/3
35wcdp4s13xmtyq5f7os,Top 3/3
360820d6620d17d1b48b,Top 1/3
3672e2896ad7d8f2404e,Top 1/3
367c27a001837dabb2e9,Top 2/3
36ebf305b7206112f676,Top 1/3
374ff25490a1f0aba47f,Top 2/3
37905cfdcd105683aaf4,Top 1/3
37ae91c472189108a737,Top 1/3
37f3b3d773c5c073bc9a,Top 1/3
38357be0ab369a9ae942,Top 1/3
388090578f22a3c33738,Top 1/3
390d1fc3b78420815190,Top 2/3
3919286d3d8c4f4d339c,Top 2/3
3a9d955e2ef47191a742,Top 2/3
3ab864e1e692786fefd2,Top 2/3
3ac65fbc295f5fbd2ff7,Top 1/3
3b3b2319b0995f149ecc,Top 2/3
3b6f3bb370f3107e257d,Top 1/3
3ba42ec5350aacb0750a,Top 2/3
3bf7b3c9aa7d93ecb603,Top 2/3
3c1b9222136b752563f6,Top 1/3
3c37e3ad275dcdd39e2c,Top 1/3
3c71b62d597098c4cd18,Top 1/3
3c89c7f1db26ae691db8,Top 2/3
3cic5ziycjx4ik4ll0v1,Top 3/3
3d63ba961a5f3a60616a,Top 1/3
3dba043eb6065ad3a343,Top 3/3
3dglsy7ee3ytfq1lpwlv,Top 3/3
3e4e608ace87fe97bdb5,Top 1/3
3f34e3108d1108dab0fd,Top 1/3
3f55d44d7572d52b2987,Top 1/3
3f81bf9625e47ca1963f,Top 1/3
3fee5c27236cbb682727,Top 1/3
3ff069e95a9047dbfa8b,Top 1/3
3iz4t53ooerb6sruxf3n,Top 3/3
3lbe8ny12qw7qwcyihpn,Top 3/3
3m4gx52iq3mwqdycm8mm,Top 2/3
3p34idi1traz2k8j0ulk,Top 2/3
3qvqfnzdg358mord1cku,Top 2/3
3w0b2b1gz9i1nhmtab7s,Top 3/3
3ywgcurp27qp1fydp27z,Top 3/3
40eb36011ced9a882ea9,Top 1/3
40rkj6cwy12hdupgq4w2,Top 2/3
41126caf1874c098d357,Top 1/3
4130weedl0x9hc7qe5a4,Top 3/3
413cbf664ac3ba8307ea,Top 1/3
4156dc6090d72c95c23b,Top 1/3
418f4730434eaced55a2,Top 1/3
41abb1b9df74d29b7732,Top 1/3
41e9ff991a4a21f423a8,Top 1/3
41f718ae2aed1d6c2573,Top 2/3
424de2c5e2c1f5652cdc,Top 2/3
42dd5f9cd9e2c3ac9ed7,Top 2/3
42e83553ca9d77ab4aee,Top 1/3
430420fb41fe0a889868,Top 1/3
432fd26823e230070734,Top 2/3
4388d48ebff4cf866ecd,Top 3/3
43d34a076620e32fedfa,Top 2/3
43d98a750c726bb39d11,Top 1/3
43vri1lqbgiiwbkaskqd,Top 2/3
446d2ad0ca2908ffa4f9,Top 1/3
4474f24ef69e01e2c001,Top 3/3
4478eae73fb84cedb102,Top 2/3
44c7cf3881ae07f7fb3e,Top 2/3
44c7cf3881ae07f7fb3eD,Top 3/3
44x159fl0pw2uucriuga,Top 2/3
451b0095938a3c54efc4,Top 2/3
453d43b3f6bdf467e672,Top 1/3
454c91e8f96c1dc4e994,Top 2/3
45b6cc87a7e957f83027,Top 1/3
460fa4961434cf281423,Top 1/3
46a60ed041c8ebf98061,Top 1/3
46a7a18ca160c829a15f,Top 2/3
46e2d5243b6eef040f97,Top 1/3
4738a118c8b8fa271fd6,Top 1/3
47b08a7751ab609be9e5,Top 1/3
47eeab842793b09300c3,Top 2/3
47vclaej1xmb0rc8kgka,Top 3/3
4884f3bdc068ef01e042,Top 2/3
488934d01a504bc212b4,Top 1/3
488fc49e8fccd665c3e2,Top 2/3
48a71a6a5a15e31084e3,Top 1/3
48a96425072cefa0dc69,Top 2/3
48ad93c227abfa9542aa,Top 2/3
498121d2486259ef1b3a,Top 2/3
49a91a4dce6838ffcbcd,Top 2/3
49b95110a8c59f6b6c58,Top 2/3
49ef48443e09f8be12f6,Top 1/3
4a0890c15c26984c191f,Top 2/3
4a6e1cf1e4e9d8f54717,Top 1/3
4a7f53c0a376edadf38a,Top 2/3
4aa8ff74dc576b7adbcd,Top 2/3
4acutl013itvh9va99p7,Top 3/3
4atjmlccken75lck9ffp,Top 3/3
4bceaffe5e429ed3333b,Top 1/3
4bq1kdgygbtif8w80s5y,Top 3/3
4c26df96293b4a52bc03,Top 1/3
4c79be630ae9d3db6aaf,Top 2/3
4c90f16c0fcd85d3de25,Top 2/3
4ca5c8ea55be09213d14,Top 1/3
4cb96f0d9108066442a8,Top 1/3
4cc0dc56eecea1d928d1,Top 2/3
4dfdfa5e1a04c832b9b4,Top 2/3
4e4bb1f26e34ca0a13dc,Top 1/3
4e508744a9816cc4586a,Top 1/3
4e693829528e3e7de62a,Top 2/3
4e768251c78b687fa993,Top 2/3
4edfd2e1b7c5c5d1d384,Top 2/3
4erna0vkk9gu5umle1se,Top 3/3
4ewf46mylf75olvvihqj,Top 3/3
4fl8e5s0nf65bm2m34f0,Top 3/3
4glo109mkgy7azntyttp,Top 2/3
4i0t5tq7o78lvc1zglgr,Top 3/3
4nun1ah7qw10q705a2aq,Top 3/3
4oqxw56hzk4fk8aqh3e0,Top 3/3
4v5xbvn3yhmvs97477pc,Top 3/3
4vnvytgnlmv4jbfw9h3t,Top 3/3
4x441h9y6wzknmtdw7q4,Top 3/3
4xh67ezjc331pg9q3kfv,Top 3/3
4y1vvkscejq34042oag4,Top 3/3
4ycyhj8tyx2b17fcx29j,Top 3/3
504278569f7c6dff25e3,Top 1/3
50673b01fd2b0c765572,Top 2/3
50fec4ca4283ad18c000,Top 1/3
510a90cd169e2eb042ab,Top 2/3
522837ace4fd8dd743f2,Top 2/3
52a24e35d5356ab34a2e,Top 2/3
52d965ebf3ec0518bc0f,Top 1/3
52f1bca9ac9c792e4457,Top 1/3
52f4899e918b57df28da,Top 1/3
533bc4c6716035e694ac,Top 2/3
539911ee11c1b2aaeb88,Top 1/3
53d51965c40a54cff1a0,Top 1/3
54342435561e775ce97f,Top 1/3
545eb6c8154273344669,Top 1/3
5479f88afb95288d6392,Top 1/3
54826f4abf592713d585,Top 1/3
54f91ccb08cbece520da,Top 1/3
552365f82674884bcaaa,Top 1/3
553l2g7kpifbvn82knxk,Top 2/3
55a47a152d359522e38d,Top 2/3
57709f904b1cc9ec60b1,Top 2/3
57c33a6126c456c5ada8,Top 2/3
57f84519c468df122d69,Top 1/3
580e98185da72b5f34cd,Top 2/3
58n0dsxyyqnriomw67id,Top 2/3
58widcj6smafuwyqxw2m,Top 3/3
5914db0d4427b322e8af,Top 3/3
5963ba5cd9d242a00e22,Top 2/3
59bybxqvhton27u0jtfm,Top 3/3
5a44a7c59729d41d596a,Top 3/3
5a8cce5abee961fc77f3,Top 1/3
5abcc9d4fb5e764b2f6f,Top 2/3
5ada57d72f07c3803d33,Top 1/3
5b5ef66e547d63806a56,Top 2/3
5bdad002590327215ae0,Top 1/3
5be7405ad4ae9d9a2853,Top 2/3
5c33bb784bb99763ed74,Top 1/3
5c83f4ed6601ddf1a6fa,Top 1/3
5cda8273b348fbda9f29,Top 2/3
5d16326e4577a67d94c6,Top 2/3
5d2379fb72082166dee3,Top 1/3
5d580a610c7f8114eb5c,Top 1/3
5d89810b20079366fcc2,Top 2/3
5dmn9cwdf4l1snqfjw1p,Top 3/3
5e12a0421c20717035cb,Top 2/3
5e29473eb1e80fde79a0,Top 2/3
5e89fad73b2ada2a30bf,Top 2/3
5ez4c53h3kdamnlvkpna,Top 3/3
5f55600069b483f999f5,Top 2/3
5f7b406b2bbf9789735f,Top 1/3
5f8d87412f69e3d9fb13,Top 1/3
5faa3d19e595ab735fda,Top 2/3
5fbaf8a0f524358778bb,Top 1/3
5gs9643ghg39gpkgi3e5,Top 3/3
5jxldd3plo4x6oq140l5,Top 3/3
5kqtdcvyt7rgqdoextw8,Top 2/3
5l1b1ma70rilf7mojch5,Top 3/3
5m6lgwi0mkqs8ilg3qqs,Top 1/3
5mrih4nj5agvu67vao4m,Top 2/3
5qfsd40k8fv54hc102p2,Top 2/3
5rxl72n8rmnxwrxcss0q,Top 2/3
5slhcx7pnjhcmlbfffu6,Top 3/3
5zczdtyecu2w495j80xv,Top 2/3
6002b9ec0f4ad0b281cf,Top 1/3
60c3549c706fe13322ce,Top 1/3
6106e5232ac32bc22d1d,Top 2/3
61de1e21015e07aacbe8,Top 2/3
62156eada978f707f5d2,Top 1/3
6273f50d9a0b4e6d971c,Top 1/3
628bztd9ybuth5efk7nw,Top 2/3
62a877b83219f7974fd0,Top 1/3
62olkigg7ntlaf6fzytl,Top 2/3
6314d7cbc465e29f357c,Top 2/3
63aded37545ab92d41d4,Top 2/3
63c38a00d97e62c31e08,Top 1/3
63eef37311aaac915a45,Top 2/3
63ff3dff3eb31d62ab3e,Top 2/3
6486c0664d217470d126,Top 1/3
6496d6268092ef8e7e9d,Top 2/3
64d1d58d40bca568347c,Top 1/3
64d65eddd629b80922f1,Top 2/3
6569uz69or21mbcejw25,Top 3/3
6604efc6fd93e070f40a,Top 1/3
663aff87732c52f0e342,Top 2/3
66d7c0bdb21b7d5bd83d,Top 2/3
66f99grd556eyxjqk7pz,Top 3/3
67456512891f96cc0fc3,Top 1/3
67f8d47cfb7b7b3d2095,Top 2/3
6837091518a3524730fb,Top 2/3
687ndz7mxhpv3gg91ie2,Top 3/3
68c45e933c2dc939e7c9,Top 1/3
6923e581d76689cb57a1,Top 2/3
6964a3d507ac1ecf9e52,Top 2/3
69a4b3d15a5bf0d0e43e,Top 2/3
69ae85efb03510241445,Top 1/3
6a62f52203bda35656be,Top 2/3
6ab4994b59925a6d1bba,Top 2/3
6abeead45fd57abadaff,Top 2/3
6ae7d356ba998218af82,Top 1/3
6b0cc09c9daf2966d1a7,Top 2/3
6b22922bfe081d68c7a6,Top 2/3
6b9ee688551136da2eb9,Top 1/3
6c14ce386a9cda72549c,Top 1/3
6cbcdec2dffbcf09a91a,Top 1/3
6cxj0lsinp9d7215gtpe,Top 3/3
6d22912e7e93a96a8690,Top 1/3
6d35a9a33338a84dd077,Top 2/3
6d90c2fd38f2ea52ffd8,Top 1/3
6dx4zt62b8m37krb5l3n,Top 2/3
6e7d56f652020f046204,Top 1/3
6e8118d5ad3c7093b869,Top 1/3
6efd2d79656d1b056f72,Top 2/3
6efd353d32bd3d908b23,Top 1/3
6fa0b38bfd05105503a1,Top 2/3
6fc66606e74242398444,Top 2/3
6fe309a58b787e7010eb,Top 2/3
6fefd33cf297f69bcae3,Top 2/3
6g7c63m95z8acd3vx5ct,Top 3/3
6iag08nt7se7f2hkgzx4,Top 3/3
6ixkthdoadcwip3r1sy2,Top 3/3
6o68qswzkvrrtbiz6bzr,Top 2/3
6qp85ufr2o1zg8k0cvtb,Top 3/3
6tq9irjllweqmqe4u7sf,Top 3/3
700915d303cc358e662a,Top 1/3
701a989d65a59c18845b,Top 2/3
7086b49d3d6c2cf79c1a,Top 1/3
70exfe4k4e5vvm5sqspq,Top 2/3
70ym0xeqaqmx14dv6myx,Top 3/3
71ca74e191e71b0219b5,Top 2/3
71d0a8156e59c4dcedfd,Top 2/3
71f6622e7caa6ed92506,Top 2/3
7207088b2ef28ff6b669,Top 2/3
728a4a393899c37a5429,Top 1/3
72b4334deffff31dea8b,Top 1/3
72d383f55803c5a81bd6,Top 1/3
72fbfd24cdff0454a0e2,Top 2/3
7380885aaba482170588,Top 1/3
73ae359d8e93d41ae4ff,Top 1/3
74137c4db75be61c10fa,Top 2/3
744e7141564ed216b812,Top 1/3
749fec50db4020e9bfcc,Top 2/3
74e22a3421e605061ef1,Top 2/3
74g1r714u01v7nb4vn8w,Top 3/3
75097aa30e9373a612c7,Top 1/3
7509bbe0d23fe15928ba,Top 2/3
7535fe5ae754da62a534,Top 1/3
758a52e21fd5c23cd7ed,Top 2/3
75a72c46b8271a57fba6,Top 1/3
75c2677c8d156032e303,Top 2/3
75dcc10ba89fd0c25d50,Top 1/3
75e30b71e38030454877,Top 1/3
76366e9c264169b2bae1,Top 2/3
766836b5f30556e81da4,Top 1/3
767e222eeb367b2b010f,Top 2/3
768c216e172762b85899,Top 2/3
7694d71417c2f5202940,Top 2/3
76a2f2705490042bb8cb,Top 1/3
76fe2c19fa84d58b584b,Top 2/3
7742559d8e833fbcd326,Top 1/3
781f69b185122bfaddca,Top 2/3
78e6c80ea8dc73ec747d,Top 1/3
78uyv6k6u49krocgtkzu,Top 3/3
792e3326f0d9f68389d9,Top 2/3
798ff22d126a0f8034ff,Top 1/3
79cvflltnemb9zpg6pgl,Top 3/3
79ea7a2f63285f2fe26b,Top 1/3
79fdbcf16db75f75383a,Top 1/3
7a600fb7e3750998e7ae,Top 1/3
7ab9a2516b2dba99c36c,Top 2/3
7ae6jy1vw15ppmnq6sba,Top 3/3
7b1d65c8c7637c14d9f2,Top 2/3
7bb37669654dedc7e397,Top 1/3
7bfbef4127aeec4b344e,Top 2/3
7c039dde693a18f3a834,Top 1/3
7c1d8516e6c2ab2d3030,Top 1/3
7c27b1482db039a6eee9,Top 1/3
7c2qxvccum7f93e8ohgt,Top 2/3
7c30aec52f13bebe07a6,Top 1/3
7c3fa9ed66d940d49692,Top 2/3
7d882daa0b4d418d1d0c,Top 1/3
7ddzwidmh4uwbopvlast,Top 3/3
7ec5fc60b1ce755e0e17,Top 2/3
7eeq2weegodhsqj7bxc2,Top 2/3
7f1c076b22be73eef99b,Top 2/3
7f58862bfed16feedfd6,Top 1/3
7f91b4ad141d21887b79,Top 2/3
7ffc1d4e5026fc5195ea,Top 1/3
7iulsxm22wz4v82hgb2g,Top 3/3
7kqvekz6iho08947fhk9,Top 3/3
7n0vh1m7hm3g0v8ggv7v,Top 3/3
7r0ywonplo8up7m35eav,Top 3/3
7rzwry01x1n79a7rw5va,Top 3/3
7ssihtyt72rzukfci0o1,Top 3/3
800d0095388d11344b78,Top 2/3
80423084979315c20dbf,Top 2/3
8068144149e4ba65ef38,Top 2/3
80xvovy2zizaj5kr0va5,Top 3/3
81931021ce711e124d0b,Top 2/3
81c441973fd4e024d60a,Top 2/3
81c4c46f19cb21d54bbb,Top 1/3
81e59e96ce9bd6a76bdb,Top 1/3
81kmylu471y1njt1pin3,Top 3/3
8242b99ad9d6609fd19c,Top 1/3
82da6d26645f8f71bd61,Top 1/3
83b54209fa2b1055369b,Top 2/3
83bf9b0424c17c9e13e7,Top 1/3
84146496b8d6256d6982,Top 1/3
84e8300978b600b5f0ba,Top 1/3
84f116e542feb4ff69c0,Top 2/3
852687af72e9ee38fb42,Top 1/3
854ce9f7f4d7b6115854,Top 2/3
855b21869c4fdbed8047,Top 1/3
8596e232b0d863cd3130,Top 1/3
86215294b080f19af22f,Top 2/3
86366c9920186cc4d1a3,Top 2/3
869eacc999a52155ed53,Top 1/3
8711049a2e0ef13bb10c,Top 1/3
875704a45c0214c68eae,Top 2/3
876aca2b8ce1958ea773,Top 2/3
8777bd09f180d330b147,Top 2/3
87aa4503451b6a77b2b7,Top 1/3
882ccee198e25b49b30d,Top 3/3
8975db410fd78d462688,Top 1/3
8979427badebb9e2bd10,Top 1/3
897f6d3de550ebf68384,Top 1/3
89af2669cc93dc97f545,Top 2/3
8a45d6748ec853f7694c,Top 2/3
8a9f3822aaa08e579e4f,Top 1/3
8ajv97zyciosc57q0cng,Top 2/3
8b1fbc97391699e46cef,Top 2/3
8b586d8b9c06414b2487,Top 2/3
8b6d1125760bd3939b6e,Top 1/3
8bece93f0b270602e64f,Top 1/3
8bf3625652581859dcd1,Top 2/3
8bj43lrpbsn3smxxn3xn,Top 3/3
8ca890875272aede0af5,Top 1/3
8cdbc02c05d6ebafa9eb,Top 1/3
8cvzwcc62ql4rqj0pyzl,Top 3/3
8d422b817027d7721870,Top 1/3
8d93485dc6a4b2a9f03f,Top 2/3
8e1012c9f4775ba6a451,Top 2/3
8e25bcfa51d165f162f6,Top 1/3
8ee4fdce37fceab5620a,Top 1/3
8f1ddd99ac8c59bbd788,Top 1/3
8f477d2c60ec76ce22b7,Top 1/3
8f81bd9cbc5471ebfc60,Top 2/3
8f98bfcea1b9f0dba97e,Top 1/3
8f9ecba976a15fa5d900,Top 1/3
8fb30cb5c7ad360c995f,Top 2/3
8fe25991951e1f37568b,Top 1/3
8hn55e1bxuyegxa76l3r,Top 3/3
8ivuhc6n7pr63b39dupt,Top 3/3
8jo5o2abn697lg482k0e,Top 3/3
8kvpozl8kjupzd4yvwbv,Top 3/3
8l0qqik09gqh0e5anus0,Top 3/3
8nqoz5k93j7it8w0muhl,Top 3/3
8rsw4xhmff15occogf32,Top 3/3
8urc1lsyw615q5prnxwh,Top 3/3
8wkyo305dh8esq6eop37,Top 3/3
906ffe092972df38360a,Top 1/3
90f3fbedfce50f644011,Top 2/3
90z3slav21r61p88ksba,Top 3/3
9104b8987aefa9d8e884,Top 1/3
912794ea0c6936c83ce2,Top 2/3
91439fcb2590c49dd20d,Top 1/3
914f82268754cbf71a54,Top 1/3
915813ad1b5f1bbe2d6e,Top 1/3
918236b530adbe510201,Top 1/3
919b6f74756bdb77edab,Top 1/3
91ybnlkli8x332l13rrk,Top 3/3
9294393fcd13593bc537,Top 2/3
9369995cb6743cb69182,Top 1/3
93c2f240de504736b8d0,Top 1/3
93f200d7351d4980fec6,Top 2/3
93f451c36b535d39003d,Top 2/3
93iq4xjhvlc8072fsfet,Top 3/3
94066a900026329cd5cd,Top 2/3
9417c1b4c24e428984bc,Top 2/3
94752e120f6bb6178ad5,Top 2/3
9493dac6dc982d2b3dbe,Top 2/3
94a770d27cae58950a5b,Top 1/3
951678e2f3db4cd9911d,Top 1/3
951d2aca1b8a1c336908,Top 2/3
951eea03695f436017d3,Top 1/3
952e59666bdde6dad94c,Top 2/3
953123cfe1c275e6d8a9,Top 1/3
95889f5d20e344714084,Top 2/3
95i3ttsko6c6ol53ebql,Top 3/3
95jqkrj6zv7qf1wz1p8e,Top 3/3
960bf72352d4f58ad083,Top 2/3
96c23b85b0b4ffdc3cae,Top 1/3
96dc0554852b5a94a400,Top 1/3
9723ceb0cf2dca42c118,Top 2/3
97442da123c449f6a146,Top 1/3
977ece9de941d85308ac,Top 2/3
9795edf22e930bc30fa4,Top 2/3
981cf48df067d975675b,Top 1/3
98be3476791a8df7e937,Top 2/3
98e10f84d94623f8b39e,Top 2/3
9952cc289c9f690621ec,Top 1/3
99a53846658ba3341de6,Top 1/3
99d6b8a1cc0020112951,Top 1/3
99dj4o3b2f6m4jemke7d,Top 2/3
9a25hcbd3mhgaj0fyelo,Top 3/3
9a630f9e9f4ec26d8fcd,Top 1/3
9ad512cc6cbd79aa81c7,Top 1/3
9b0guld0vdm0ggmmfb8k,Top 3/3
9b1c065069dbb7a71617,Top 2/3
9b43f5fcb5d592a689af,Top 2/3
9b913075e93b2b788102,Top 2/3
9be4ba08415daa1ee6fe,Top 1/3
9btb3ax7qaitktvbvn8g,Top 3/3
9c2b85496091fd7f66d4,Top 2/3
9c39551b2cbe4f0c6d03,Top 1/3
9c48779f6e97be993771,Top 1/3
9d02a160cd171c5f4c18,Top 2/3
9d030ebc092b353b9906,Top 1/3
9dbg3fyz4qnj7x9qug6x,Top 3/3
9e4c54a008ee874fc270,Top 1/3
9e7bdc44129bf5acc196,Top 2/3
9ea29e4a747ea4a7c70a,Top 2/3
9ee3e6df01c7cc22d066,Top 2/3
9ee4ff457095eaf23309,Top 2/3
9ef8a5baccebc3841cb2,Top 2/3
9f0ce6d4cdf9d1772417,Top 1/3
9f447b50d5788f7b4d0a,Top 2/3
9jq31h6i3ny1lx0mx89e,Top 2/3
9lfh7vk4u8eh6zz1dmvp,Top 3/3
9nfrfi8p7oktnfr9c30b,Top 3/3
9npnusbksscam12fc4ut,Top 3/3
9trgand057juzal1kecf,Top 2/3
9wax6sfj9cuqbbxc95om,Top 3/3
a05da04117e032cb4977,Top 1/3
a06fdb8743c4d4ef09fe,Top 1/3
a0973be15e5e7116f121,Top 1/3
a0a1991396f865c9e3dc,Top 2/3
a0b36e07079573966740,Top 1/3
a0fa57995e3e8cdcc13a,Top 1/3
a108f1103f798c85d061,Top 1/3
a11b89c60677835e450c,Top 1/3
a12c27630a75f6a4a64a,Top 2/3
a14b9aa97f66fc82ede3,Top 1/3
a1a127e2bf29c380819c,Top 1/3
a1d00fdd7660b7e88077,Top 1/3
a1ed24a77c97b05064ef,Top 2/3
a1fa76b5d99a411d6649,Top 1/3
a2b5174e55754addcd68,Top 1/3
a2f48a796e250a14ff55,Top 1/3
a30afe3tftu3pgsdxxdq,Top 3/3
a337d5368b0d110803b1,Top 1/3
a34fbbb7d9a19eb82450,Top 1/3
a3a0e2129e405aef3d87,Top 1/3
a3c8ab369e2e928ed523,Top 1/3
a3cd849a5a8d682e18db,Top 1/3
a4bfb84ab74e59389e7a,Top 2/3
a55511198784610bf30b,Top 1/3
a5966200ae4d58200438,Top 1/3
a5c03c57b0930cb5c2ac,Top 1/3
a624e4f6e0a8f026cba9,Top 1/3
a7fc1ba478db11fde063,Top 1/3
a8350dcececa0b02dd14,Top 2/3
a856f10303ba34926fdd,Top 1/3
a867295d48d4b4134903,Top 2/3
a87767892344a954c746,Top 2/3
a8846b79555746e4f9df,Top 1/3
a8eea517e36b20757b2e,Top 2/3
a94a32ebd5f7d177053a,Top 2/3
a9554f5c3d61d05617e1,Top 1/3
a959b7dd7f65365313a4,Top 2/3
a95a606f0110653858b2,Top 1/3
a96027a83196027cf822,Top 1/3
a9e1aff282e8d6356dce,Top 2/3
aa83cf5fc68c1dcb5038,Top 1/3
aai4o855shne2taonl8m,Top 3/3
ac4d829c715fb0c36ad5,Top 1/3
ac7214620207dfdd149d,Top 1/3
ac896071204b0ce26a1e,Top 2/3
ad29c5822807dabe497c,Top 2/3
adcc5c13042d66cbfc8b,Top 2/3
ade35014b25afed24916,Top 1/3
ae2e4cb7985c4ac71795,Top 1/3
af8dedf6ecb4605a09fa,Top 2/3
afc99b4940e933922aca,Top 2/3
alj4azvv1eqg1cyr3ae3,Top 3/3
amzij11bls4wa79p3cj8,Top 3/3
ao2x473zwn7k7a6gpfr9,Top 3/3
apxifjd35xfq6t47ysls,Top 3/3
aqpg6qwtponj9ojmx6ls,Top 3/3
avehb7ibwpvjcgcr474k,Top 1/3
awxiqzybhp95e08qx1h5,Top 3/3
axunv0aihh5wvi27tx50,Top 3/3
b050239b47c66a7280c9,Top 2/3
b083663157e08e36d335,Top 1/3
b0a62c35bfc7f529e83b,Top 1/3
b1976734aee3bf129820,Top 1/3
b1b3363b7086aaa99b0d,Top 1/3
b1fbf77b475e79c3d413,Top 3/3
b217bae3c84d59dde71f,Top 2/3
b21ec59d991586279d95,Top 2/3
b26aab632fd33a01020a,Top 1/3
b2imd0ms1p4fxkfcpygc,Top 3/3
b32b82ebae5971dd48df,Top 1/3
b345ecad87a7fbac77ce,Top 1/3
b34d4dc5b6c5fd7c5def,Top 1/3
b37bdce835e610d26c0c,Top 3/3
b3ac0cebf20ee45135ca,Top 2/3
b3e8039d33099e1d066c,Top 1/3
b43532c7a35b6aedd478,Top 1/3
b4a2138f577d9306f593,Top 2/3
b57bc31cac59b3d26216,Top 2/3
b5863cc5a1b448ca1cab,Top 2/3
b6808721d4a7900e360a,Top 2/3
b6b2f975de58052aae0c,Top 2/3
b6ed77b2b3283f9379c8,Top 2/3
b6nwoi7doh1m1yzbkxup,Top 3/3
b79c2d9d8148403a3720,Top 2/3
b7ef250772618a089b48,Top 2/3
b7f42d4b51972267680e,Top 2/3
b8162292f2171005c2ba,Top 2/3
b8290aea71e7a5421a02,Top 1/3
b8a4fd679898150ef87a,Top 2/3
b8c0c68e7f1220949deb,Top 1/3
b8d20bc2e0d3d86f5613,Top 1/3
b92448e12093e45dc6ff,Top 2/3
b93d9fe2a844b416581d,Top 2/3
b9a8b9ee84232efd7d61,Top 1/3
b9c7c66c8b57b9d3c6fa,Top 2/3
b9d88af0a70c4ccb592e,Top 1/3
ba563fef8484139dc84d,Top 1/3
ba8c301bda7090bda756,Top 1/3
bab3d23935ae4f8e798c,Top 1/3
baed8a816ea02ae929f4,Top 1/3
bafdbc62a48daf6840c9,Top 2/3
bb3328d3b1eecb5e1a8a,Top 2/3
bc48d03763657ec4aa63,Top 2/3
bc7286901f708e9069eb,Top 2/3
bca2be7a89b9b36b45cc,Top 1/3
bd099a9fd29545e3766a,Top 1/3
bd657014cfd3fe7a8fe2,Top 1/3
bd8eb49a6b08f5e66a70,Top 1/3
be032ee60c336e4701e0,Top 1/3
be24259f2867b231800d,Top 1/3
be503fccbf0ae5532639,Top 1/3
be52205cb48c05e10567,Top 3/3
be75e05b9db5efb1258a,Top 1/3
bf07cdd92f1ff3197397,Top 2/3
bfc3a5cb3b9c29f08176,Top 2/3
bfcf5965e6024248f0a3,Top 1/3
bfl1bc2oafd8hrz2xswq,Top 3/3
bgvt5n1h0qt51ze0md7w,Top 3/3
bt192zri52uj2flwikrw,Top 3/3
buv73728fa9viqgrz5mj,Top 3/3
bvz9hmtzknu45wvb0yaw,Top 2/3
bwvpzqnhh752noqjqj8d,Top 3/3
c00c91256ab1777d0dbc,Top 2/3
c08165d73ae49215c391,Top 1/3
c0884e4814b0f32935f8,Top 1/3
c16e14d7aa5b4ef519e3,Top 1/3
c200d8d792314a9d3575,Top 2/3
c20c86d30d19b39745e2,Top 1/3
c24bc0aaf20c79d2dfda,Top 2/3
c352158bed343ccff8e5,Top 2/3
c35834f349db8ef7c591,Top 2/3
c3beec92b66ff78a6ba9,Top 1/3
c42aff1f9940e24491cc,Top 1/3
c4ffbc0ba8c38e725fc8,Top 1/3
c53129098375fc7f17bc,Top 2/3
c57c5ca2df494f27ca64,Top 1/3
c5b9961e65ffa73d971e,Top 2/3
c5c5601b771f1b4491fa,Top 1/3
c5c5e10586e94f96fe95,Top 2/3
c5d83404b165578ef794,Top 1/3
c63d5a67687762a9f967,Top 1/3
c681117f7f586fd730bb,Top 1/3
c682f6819dfbfc964bc7,Top 1/3
c6ab0de398cfcbd21dc5,Top 2/3
c7bb8ace7e79b91b3346,Top 2/3
c7c79725138f07b9c265,Top 2/3
c7d5a3256a9f99ba3e98,Top 2/3
c89e8b7b18082e2fa6df,Top 2/3
c8d8f83d06b68fc2f944,Top 1/3
c955c51bfd07134bc831,Top 1/3
c99e6802625540e4d1e2,Top 1/3
c9c946fe211251af32d1,Top 1/3
c9c9f0b7606030f2aade,Top 1/3
c9e6e9322dd7054e618c,Top 1/3
ca10145a308249ed82e9,Top 1/3
ca66ab7e59628143cf1e,Top 1/3
cac3f85073c947532796,Top 2/3
cac84b1c3033872272f0,Top 2/3
cad61c88146ec4d99a6d,Top 3/3
cade7d478dac7020a79b,Top 1/3
cafe5989da5dfed9f404,Top 2/3
cb2fbb322cc30a8b8fef,Top 1/3
cb65e2038b786e801292,Top 1/3
cb8c2285066597e012c6,Top 1/3
cbc8550ffaf44443c7ad,Top 2/3
cby6hsod14blxr7zyfjs,Top 3/3
cc317db3f3bb874542a7,Top 2/3
cd6355bf939a47577f6d,Top 2/3
cdbfb55b48cefce540dd,Top 1/3
ce1a32f22b91f4d81015,Top 2/3
ce9dd8f1570caa0d6f5b,Top 2/3
cef765c4375252a6029b,Top 2/3
cf73246d819a1ea78e14,Top 1/3
cf7f9c2c6872be9bf2d6,Top 1/3
cfaac49f7cc94528ffa7,Top 1/3
cfi8t4xrx12m2lt4flwz,Top 3/3
cgydhui8n3uoxbq5rznl,Top 3/3
cm2celd9hmos24j2a5cg,Top 3/3
cmy2w5due4kl6pn6uia5,Top 3/3
cnkddx6ofjqd7ueylz0e,Top 3/3
cnqyqc90n3ixrlc3mri7,Top 3/3
cp4d94b2v0ws6am7mvuw,Top 3/3
csvv3l0saxxx6pax18c3,Top 3/3
csxiwtz34vm9vr0kbryx,Top 3/3
cunf3y04zq0f90dgy36j,Top 3/3
cuwakm24vlp785ky5w71,Top 3/3
cy2sv8kkoybje2okbll0,Top 3/3
cygc6ulxpz04ex7under,Top 2/3
cz0pbk8vede7ey2oce4a,Top 3/3
d02f48d05ce5e7ca16e1,Top 2/3
d035c324a020e7948fe8,Top 1/3
d059dfed16a6d1ca6ddf,Top 2/3
d0a933a514028d777578,Top 1/3
d103bd9455fb9258c805,Top 1/3
d16ht4y29lrac1brhwm1,Top 3/3
d1df92e9d19fb2f22ebb,Top 2/3
d1e44a91dd4f37c03d43,Top 1/3
d235a2c32940b970ab7c,Top 1/3
d2403aa287eb869a170a,Top 2/3
d27565678ffa4a9bfa85,Top 1/3
d2c5423ea5fa0a995264,Top 2/3
d2cb0d0da17471ee23a9,Top 2/3
d2e033f11edce44fea3d,Top 1/3
d311ac015e2e230935b2,Top 2/3
d33a15d480f68c6ec82f,Top 1/3
d3ba1fe030801d700cb6,Top 2/3
d3e269bf68d51851097c,Top 2/3
d3fd2319c0f3aa00c371,Top 1/3
d3tt41de5iashfjr1txr,Top 3/3
d45eea92ed42431d9076,Top 1/3
d4d7a248a58363732f8e,Top 1/3
d4geyy1ox6qzlz4ibz0z,Top 3/3
d4xny47ows87zd7viwj5,Top 3/3
d5067bceac0ffa5e4704,Top 1/3
d52b119f8da2a1812722,Top 1/3
d536120baaef5495c028,Top 1/3
d53a4fb612fb801fff3d,Top 2/3
d554e419f820fa5cb0ca,Top 1/3
d6d4488fa27e11465974,Top 1/3
d6d6e7da792fdf0106f0,Top 2/3
d6f3f410bbb24244d270,Top 1/3
d6qgzp196pwnzk7agyn6,Top 3/3
d72abe041b8db9118e70,Top 1/3
d7464b55181ef45e2d63,Top 2/3
d76c58732e315933a6cf,Top 2/3
d7ad1a5f3ab7d6237f8e,Top 2/3
d8ed5a1897987ffdeaed,Top 1/3
d93519b044de1fa037b0,Top 1/3
d94c5dba40d9fcbfb8d9,Top 1/3
d9dfc134efd3826bdaed,Top 1/3
d9qmlhyp13mf5nto4qih,Top 3/3
da2199a7da15995db5ff,Top 1/3
dac03bcbefc3a08c8b50,Top 1/3
daf693769d8638a22ee9,Top 1/3
daty5mq7b20bkt2c2zfs,Top 3/3
db0241cf536c2174d9ed,Top 2/3
db0bcf208cbed26d0bfe,Top 1/3
db2418c575c0a4f7239d,Top 1/3
db54f15d48fa56b0d953,Top 2/3
dba2bc2a15c1e8d696fe,Top 2/3
dc83f9577ae72447a7b1,Top 2/3
dc93d7d840a88e5efb17,Top 1/3
dcd0562f8fb44933cb08,Top 2/3
dddd7ba8769cf90bfd62,Top 1/3
de5213e7b8c88440a298,Top 2/3
dee7cfe3312551bdf5a5,Top 1/3
def1216bf8f3009dbe41,Top 2/3
df02e3643bb9ee33fb0c,Top 1/3
df62b7675d1fdb8e6b11,Top 1/3
df784e67883e018f88b8,Top 2/3
dfa917b9dc15c87ab016,Top 2/3
dfnvtf7qbi2955rjeaqx,Top 2/3
dgoapkg9vpnafks22kx4,Top 2/3
di7sclw5samggg4sxipv,Top 2/3
dri4ey8he2jovloucu86,Top 3/3
dt7s87imgsbma3l5scym,Top 3/3
dwg6k0ka5vuwzo5h11m0,Top 3/3
e00bc7d9f2ce32c4f745,Top 1/3
e0be3445997310f4d68e,Top 2/3
e103cf810dfba59d0431,Top 2/3
e17f01453906e3ae5716,Top 2/3
e199ddadaaf5aee02eb8,Top 1/3
e224221a9971f9f45489,Top 1/3
e22c18eef214a779b4c2,Top 1/3
e23ada44d3eac9b465d2,Top 1/3
e28711e2f5500d3d6b04,Top 2/3
e2d7ee3637149f7087b2,Top 2/3
e2ea6dbbe90983dbb208,Top 2/3
e2ee4818284ba527ef0a,Top 1/3
e324cc9cb52a2b3cb9cb,Top 2/3
e37bbe9fe37f92b785d9,Top 1/3
e3b920878572dbcf8c9e,Top 1/3
e3ce61b92eeae0a33633,Top 1/3
e3d0782396c346359a8f,Top 1/3
e43a0e28d5cd6b54a2af,Top 1/3
e43g7im7dra88a4o8bbl,Top 2/3
e4af37199530e9ea523c,Top 2/3
e4c80506c14da4ad563d,Top 2/3
e4d6737b176e6ca5ef06,Top 2/3
e50db74322430aa289b1,Top 1/3
e58gk2f3crnwqnx0gett,Top 3/3
e5b30ace9334d153e076,Top 2/3
e5cab2ae37f3a9ed4f46,Top 2/3
e62f7655cb5259abfbf1,Top 1/3
e6b9a4292b6a8e8e0ef0,Top 1/3
e6c8ce7f4d7b0b4ca4a6,Top 1/3
e716574233e87591ff19,Top 2/3
e73ae5f649c6f52b3fb1,Top 1/3
e77eaaa90a75ea6167f4,Top 1/3
e7958857e7d2292ffbc7,Top 2/3
e7feb8599ea5f596aeac,Top 1/3
e851f82a650692f8e591,Top 1/3
e865c97bc96802575f80,Top 2/3
e86f896d71d48d87464d,Top 3/3
e877c03b218bddedd3b8,Top 2/3
e89cdaa3f159a0d3f55e,Top 2/3
e9b6fa8a87469779d732,Top 2/3
e9vzigim3qs88f721ohz,Top 3/3
eacb3353d7bc80cf3e7a,Top 1/3
eb4493aa138e8edc3f6d,Top 2/3
eb93cedc17b4eac76750,Top 1/3
ebe7a295f61c831b0093,Top 1/3
ec4897070f2d3b6eab89,Top 1/3
ec5zb47nxjbuzemc81p0,Top 3/3
ec86426a6e0331d06091,Top 1/3
ed4b51eb098deb0ba58e,Top 1/3
ed5a13234f04cae4894d,Top 2/3
ed94d52e091b68ca5ee5,Top 2/3
ee07cc24589beb775d33,Top 1/3
ee1ef9674f9e0bfca48b,Top 1/3
eec0307b4d47609d6933,Top 2/3
ef04ejvyvmh5votejbif,Top 3/3
ef133c92e274a97b6eeb,Top 1/3
ef912a5602a5f70b244b,Top 1/3
efb9fe363bdeb9f48d69,Top 1/3
efd58fbebca61c41c881,Top 1/3
em248gxmeso9cw0wzlv8,Top 3/3
emnk7ob7xxxdiph6fun3,Top 3/3
erjfooit15024g7nj8co,Top 3/3
exaiz0y0uvpeg498cg4j,Top 3/3
exj3a7hd6gwihbowgm3w,Top 3/3
ezdogkk0jqt4nvvvbnxp,Top 3/3
f05247f3d32a4bf5a6df,Top 2/3
f058870b1bc33e288e82,Top 1/3
f06c3ddb1a98713eeb32,Top 2/3
f1c1c0932bfeb74762d0,Top 2/3
f22c9341431a6123f670,Top 1/3
f25a777dbbda3d4314d7,Top 1/3
f26c1d520ac39293c68a,Top 2/3
f286ac7cd0663855cc5f,Top 2/3
f36a755a3fa5db5c0743,Top 1/3
f47eab262dd5809d4d60,Top 1/3
f4e46ba446c56e56259b,Top 1/3
f50dcd09709383fea95f,Top 2/3
f527k17lr4aumahjtj92,Top 3/3
f5c3c6eb77fac482de13,Top 1/3
f5j3cojh9fr5gvylr0yi,Top 3/3
f5jwwahac3fyc6rq5tex,Top 3/3
f63cab44b941c6ca80d6,Top 2/3
f7a14eb1e15ceeea955c,Top 1/3
f7c4a29d42220e1cea27,Top 1/3
f81f52969ef1de783de3,Top 2/3
f82461b84c9c48a36613,Top 1/3
f8c2f04e8e116f0fd237,Top 2/3
f964ee6bca634319a68f,Top 1/3
f9c641e9c05c243a751e,Top 2/3
f9d95830556934ae9a01,Top 2/3
f9dde99f5db421171b51,Top 2/3
f9ef2830cd485d038b53,Top 2/3
faa31dca7ed1dd11fe44,Top 2/3
fabad359607dabbaaed4,Top 1/3
fb4411db1aac3cd2544b,Top 1/3
fb5d5693ffa9f022a191,Top 1/3
fb735wd248crm37cgmgw,Top 2/3
fc1c9dd58091c33d8888,Top 2/3
fc39de3859d890b9693d,Top 1/3
fc5a9edc3413ecece4bd,Top 1/3
fc916744a3bd5120978f,Top 1/3
fcf6463f948b24ac7cd8,Top 1/3
fcwom6dicy0kov3lxsf8,Top 3/3
fda1eaffdfa7350e5d97,Top 2/3
fdd50b3ad56dcf116c82,Top 1/3
fdd714a996ac8bd8006d,Top 1/3
fe40bd528b4fbbf591e1,Top 1/3
fe5cf715d9c94fc7779e,Top 1/3
fe752a6d1aa3d710d738,Top 2/3
fef67841144f4c95a6c5,Top 1/3
ff2d815d9ef74b153b54,Top 1/3
ff59855075a6bc39d62b,Top 1/3
ff63c210b94623453b5f,Top 2/3
ffe3886e3e3bab0249b5,Top 1/3
fkenlzdweox7v0zaopqo,Top 3/3
flde3irykh8wauaj2fuw,Top 3/3
fnvhgnuqbir0drk8p1v2,Top 3/3
fov3pbwdqzvhgcjp7o9f,Top 3/3
fqcud1c5mt7pdp9w0v6y,Top 3/3
fvlb9xi66oze7eo3yhdh,Top 2/3
fvqo3hum9a1rl6rxbyre,Top 3/3
fvurnsqlgyr9zbd6msqs,Top 3/3
g4l5baozrnfblxayrhox,Top 3/3
g5wbnnhq1jbyc32q3003,Top 3/3
ggweeccb6anw0j3y32t0,Top 3/3
gj009a2t56bxjluh0mox,Top 2/3
gk8izwg77g6t4p5buiar,Top 3/3
gm1xiqmop9j2d2acc2jg,Top 3/3
gq3jw96afgct5rjiim20,Top 3/3
gsirdbny6840zq22vo7a,Top 3/3
gzthlilac9ixoayq02u1,Top 2/3
h6miro3m8713s3dxuipr,Top 3/3
h7i4kmpsra4szfbhrcbh,Top 3/3
h9urbo4ce8x02brjnloz,Top 3/3
hc0idvz0lxc4zpx94cbx,Top 3/3
hcm6w0jxnfqhkpm745cu,Top 3/3
hhplrx9xd7cm2w7aslma,Top 3/3
hjcfqm1yfzh8s77mo3ec,Top 3/3
hkk3qiui3e3r969oyfhf,Top 3/3
hoedc2pzfz6av5bn1jq3,Top 3/3
hpb03ydulnt2b9ffa0j2,Top 3/3
hpty3h6eij2tr467ueks,Top 3/3
hq2dy5tjgczdmkvq0l2d,Top 1/3
hu267zw9zywa4ew3d5bw,Top 2/3
hva2hcwvh4mv0i4t59t6,Top 3/3
hz3im1vs42bx5rxbn7wh,Top 3/3
i1fr7kd71b2ni39kn958,Top 3/3
i21qi5qdsjqcch2xvdd5,Top 3/3
i39gdpglcxstun30b4yw,Top 3/3
i3b6qk80m9jqwgft968o,Top 3/3
i5hexmb5zlzhd8lvwdv3,Top 3/3
i8gdglua8vbd4ul9x09f,Top 3/3
i8lx9f5ut0kaz120j30d,Top 3/3
i8ryguu9cpkrb6ouhwqq,Top 2/3
i8wbhc071gfhkbhtmeb1,Top 3/3
icu31mfcha34dnwbsui2,Top 3/3
ifj584ryrjv639n4nnsu,Top 3/3
ij9llitbhr4gi126l772,Top 3/3
ijieo064jbrs5ss1cmol,Top 3/3
ik7o5ykfnku0qp74sy1i,Top 3/3
inyirhdpjahiguhs9e5b,Top 3/3
ipd72mytvphpd9tcejgb,Top 3/3
iqhpwbqkqi7kugzduhit,Top 3/3
isa355t9q5rut5fm8aml,Top 3/3
isavn2ahb9n5z1q8win5,Top 3/3
iwjs5oi2pl8omkdrs53q,Top 3/3
j07d6onchxesk14v7b8w,Top 3/3
j605t14y7ie6vr2n8s2c,Top 3/3
j8inicu0iafkpv3u9431,Top 3/3
jb3fqd2b9oyprn83h646,Top 3/3
je7kqkmpwkosa7nkgfpx,Top 3/3
jhmn3s11l13woe6jy3zg,Top 2/3
jivt017uwst4sg4fqlek,Top 3/3
jj1jl4nhnkxllubypoq3,Top 3/3
jjx780kahllbp5y3x7p8,Top 3/3
jnupp0jsv1kjsvbzlnrr,Top 3/3
jsmqh4aa20rpfeqmyx4h,Top 2/3
jtbq3gkfw2tcsjvfwm56,Top 3/3
jv67r7eqa9z2a1777eex,Top 3/3
jwdjcrxdn0um79f0rjvw,Top 3/3
jyaxybaq8vui614ytd8i,Top 3/3
k1r03pvvsv9zxrft5jgi,Top 3/3
k4usquerebza4uy0i57h,Top 3/3
k6jujv82n727fuwbxa6f,Top 3/3
k6kv9y9tqfll5d282ymb,Top 3/3
k7fa3kdg6dq9avbiqv1f,Top 3/3
k8d21tlgxmu6i35atvub,Top 3/3
kg28tppvvsvr918dkvlb,Top 3/3
kilhyvtskm84umerpjee,Top 3/3
kpw433bcv21ksp1wgrux,Top 3/3
ksm67082xy9g2wnalt38,Top 2/3
l1rn095adguamaugi4ux,Top 2/3
l2yv9tvvcakn7ikerccy,Top 3/3
l41f9f1gb0y5rxcqfv64,Top 3/3
l82rq4xaymt7t5uytax9,Top 3/3
lewkf2owb42ywhfto9yf,Top 3/3
lexte4gc3dvjb7ty0qf5,Top 2/3
lf5hmkicbiuolk7khwwb,Top 3/3
ljylby8inwh5b93wkean,Top 3/3
lpzjucfyqwtb8ihim9b3,Top 3/3
lqg2nmqf4x8w52gx12xw,Top 3/3
lqm8jh0uggps7yd0lx2x,Top 3/3
lswzzwjmreuixxjqglhy,Top 3/3
lvp2qmljigke8u0nfbvl,Top 3/3
lx7vfcjhdxzh2wkt42hc,Top 2/3
lzvutqpj9ggc0nwwsxcv,Top 3/3
m380dsj058viwn3ly6j1,Top 3/3
m3xzctvbxlbxz80zz042,Top 3/3
m3y8jkkgflwqwcelrwzz,Top 3/3
m4qqnaq8p8fn7b7bl5ic,Top 3/3
m6p2hujqw21vc4lyt3f3,Top 3/3
mbbw64iibpv7ndj2iie1,Top 3/3
me044us8pj1824r4dye2,Top 3/3
me4d1o3nzhyoj0xfast0,Top 3/3
mhufhb84kyqgs0anwy1d,Top 3/3
mm5p2ct8c21h4q753p3n,Top 3/3
mn8t0yyppsznr674ic1a,Top 3/3
mqqf68ny1kdp6i69i7tt,Top 3/3
msko5bf6rjt9adsuxby9,Top 2/3
mwmft9w9vjod1g7jidmb,Top 2/3
n1nh33yq3nhwt4mx36yc,Top 2/3
n20d6b4o2g64oaa3q8ym,Top 3/3
n2bgnbybijni2e9crs4x,Top 2/3
n3dkt0eq0ekpby9lv06i,Top 2/3
n8pe3tt7qmlgojwhhsj0,Top 3/3
nd9xpohv0s4ttw0o7fts,Top 3/3
ng2c52g74hfaudyxmm6m,Top 3/3
nilkp0a54b01p87udccl,Top 3/3
nkr2o4v6q9alvt7ju51e,Top 3/3
nl4vt11ikn4we06zu0zj,Top 3/3
no0afrue2n6m8hcnuek1,Top 3/3
nq4jln5s1zqjk7nwbbeo,Top 3/3
nrv5a6tr3ya2iv3p5xpo,Top 2/3
nx4zicy1jbulkuen41s5,Top 3/3
ny6yox8nvtlotclebkk8,Top 3/3
o3jddioub8dsv0fm22qn,Top 3/3
o5lo8q4tb8yt0v8imkw4,Top 3/3
o6kw9thwvq6csdr9taal,Top 2/3
o6tn58jvkqobrz2qmf5i,Top 3/3
obyl72l5qy37to65i5ml,Top 3/3
oc0ww31yssff9rktgowo,Top 3/3
oi7j42phxrp4mc1n9h4b,Top 3/3
oit2xadfbpuveswzx4pf,Top 3/3
omzalmrzys0ymf4cgt03,Top 2/3
oppl3ojvw61dvd5yw1wl,Top 3/3
orgvbr9mbmfo4z8tbsa3,Top 3/3
oriig6s6fmvi4f7mxamy,Top 3/3
orubxhpr5e1heat93ue4,Top 3/3
otznu9tyqq50x0xij3br,Top 3/3
ov1tvylbnny48ojayssl,Top 3/3
owzdfs89mm4ci0382a3b,Top 3/3
oyaoqkf2b1we4b67bv8l,Top 3/3
p10d5vx8mpn0v82i51gp,Top 3/3
p3cs5x8cxrwubesmagvl,Top 3/3
p58nsuk0hj5uh2xk2k9p,Top 3/3
p611flt77czmqgut14jl,Top 3/3
p6cp3ogj6xy2riczfupv,Top 3/3
p8bk6cdfntr0humt6q45,Top 3/3
p9a57kwg5xdwjzm8eql9,Top 3/3
p9enp5lzhiufas1xpd8p,Top 3/3
pammg9gw4enjosw3z60e,Top 3/3
pg8ucem69ixbqhznx0x2,Top 3/3
pgknalznufvmvwgc1ca8,Top 3/3
pgrig4vo54owe59j2j5f,Top 3/3
pkjom9yr5m9690fg6wsi,Top 3/3
pr6b1twg5sgsrzek6adi,Top 3/3
preni1j2j1gkvq1knpag,Top 3/3
putb7ja6dwpdag4bwvnj,Top 2/3
pv0c4za1m616k25gfwfb,Top 2/3
pva49fsfcbexwz1crjvg,Top 3/3
pxnnkthuxasggux3hyae,Top 3/3
q1movls9kc4kglv6sb5g,Top 3/3
qaubz3kt65qtoit8g4vi,Top 3/3
qd5cqu3du8n28xxtkftw,Top 2/3
qg0soq1i1uy7yndj17gd,Top 3/3
qkc2f9omqulfmn3j0m9p,Top 3/3
qmf8702zbahi9083s7aq,Top 3/3
qol4cum3ewnz45dzpijx,Top 3/3
qrrck1nnty89cmohw40b,Top 3/3
qu1rl2d6teeyti106rgx,Top 3/3
quam8ci0euq2dz8xldzz,Top 3/3
qw19zri3d9vkqjhcn3xk,Top 3/3
qw1seyo5nrhlm8vby58w,Top 3/3
qxnna0of95m3oebjc84f,Top 3/3
qz6jjynwbd3szlp0rj04,Top 3/3
r28s9kyo7knrvytyvmt8,Top 3/3
r3uk44zat2tcyj5wmojt,Top 3/3
r4oklg89q3yx9o2dfq3q,Top 3/3
r7embk7pqzg5g5p245x4,Top 3/3
r9m46ndmmmzeeehft96z,Top 3/3
rb8z9vpc5uyhbcaa71v5,Top 2/3
rd32gyblqsfn03xatnmt,Top 2/3
rd4p70jwu852pbdjwl2d,Top 3/3
rdf3wmujcm1k56ftf8uc,Top 3/3
reo07h0d5zehmotdlz2w,Top 3/3
rgl39qjfatpnh3v4o28m,Top 2/3
rq44ojyrvdtad0tzsm32,Top 3/3
rsclhbtmbxt0xrye64ax,Top 3/3
rufanlg0slv70u876a05,Top 3/3
s0vfgmhobw9jq6al8iww,Top 3/3
s8uk59p9w5ck47wlw3ea,Top 3/3
s97masc6nt48h4ly8s1w,Top 3/3
sbb3va36jvpkdpj257ek,Top 2/3
scl0uh5ig9ehluvs46h2,Top 3/3
sdun9fmcol7sud39mllw,Top 3/3
sf30f3p1koevnfztc2pd,Top 3/3
sfmngecoi3b7ahvhi2k6,Top 1/3
shtnl1wh1mconb8od5ko,Top 3/3
si6ymh6w7xbo2f40o0p8,Top 3/3
sie4alrjjjvlk0w9ye5l,Top 3/3
siv6gzi7una85o8fzrwi,Top 3/3
skyax9iocbd5gzronpru,Top 2/3
slmfpw1fyabrtys8ufg9,Top 3/3
spyu1at0d9k1wxtenlhe,Top 3/3
ss27ig83t1pi1ztsy5w8,Top 3/3
styld7k1gge5cvjria5b,Top 3/3
sushd67p0jy6f04a3h0m,Top 3/3
svxexhg20hs3bbqd4fm7,Top 3/3
sx57v4y3hp52f9selxdo,Top 3/3
sx8c4g672zgcw7w2lflp,Top 2/3
t23e5lcdy5k50uvg5k0v,Top 3/3
t3wo8xb4rq94n3fpfk35,Top 3/3
t5uf4x6hffga8in2ua6l,Top 3/3
t7x7ydt3u1cd2svfvk4q,Top 2/3
t8a5fgt3wo8w18amulu3,Top 3/3
t8sflynjwck4f650mtvp,Top 3/3
t8zrwu8iwkcdnwf3ruse,Top 3/3
t9a891e0764br5ujna1a,Top 3/3
ta1gbqs6pw15bx0jb5on,Top 3/3
tbypawuj167ycyvg8sc2,Top 3/3
te17utf5x961ldgs8zwn,Top 3/3
tezxtgugzffgu5fxr0cz,Top 3/3
th28zykgzvfex40v22hz,Top 3/3
ti44fbogdeqbfflbizj7,Top 2/3
tndsnutlm99ld8f4uya0,Top 3/3
tp8x8dgd7d6dhpth8xni,Top 3/3
ttsjumez81r1ot6tfe7n,Top 3/3
tuidsy7wcktf3jppecp5,Top 2/3
tv0sptqq56ri3dpcd9nl,Top 3/3
tvsgkf4oqh769h40lj43,Top 3/3
twa56vh9h75mwaqdma1y,Top 2/3
u2rchqp6tof1bkr07izf,Top 3/3
u968v341lom8drwdzqqj,Top 3/3
u9owl1eky0jf8t3nc50o,Top 3/3
ubi6gd21j9e9rw46hoz6,Top 3/3
ucxxvfcovdwuokyswife,Top 3/3
udbo68xozj9btqumivk2,Top 3/3
uem908xkm2x04s4iu84k,Top 3/3
ugaiak78ggmnku4yndlt,Top 3/3
uhky1uwx18u1e4nixzzf,Top 3/3
uhthvh60xp911d47x7xm,Top 3/3
uk8sadmdmw8p7e22l2yr,Top 2/3
ulowmljtsh72z64haltq,Top 3/3
uon3zzl9a1zr5zmeodmr,Top 3/3
uvh2zil455wi0dcdan51,Top 3/3
uy29im7a6hnc34lfp8ae,Top 2/3
uzk23hynw87co5ru0tr8,Top 2/3
v4k20n9xryqdpe6fx42x,Top 3/3
vbgs2hp7aiiw880dpm1s,Top 2/3
vcw0s2e0akak8rqunatk,Top 3/3
vd2j77wynysztt2wbv2v,Top 3/3
vhlntoniujqiclub2juy,Top 3/3
votyzmo33yg7y89dag17,Top 3/3
vou4hlfvp8hv0r4odzq6,Top 3/3
vqz1prz6hwnqepxsieip,Top 3/3
vrdxefyyyx3tkticfqnv,Top 2/3
vrx3ianblcyuixzmhzl2,Top 3/3
vwyziyyebvsje4dqjsrp,Top 1/3
vzdurh8f0rfus5h4bde2,Top 3/3
w0u7vzowm7eimiupvmm3,Top 3/3
w1uwjc89gv68yxkutpoe,Top 3/3
w9r5wihhl33fmutbq5qd,Top 3/3
wbdvbdebq64ujpi9u7mn,Top 3/3
wf7yq9n2spgto3w5ad9r,Top 3/3
wfsgbko6rfmajn85khu4,Top 3/3
whzjoeh34i7o86p37u99,Top 2/3
wi36b9plgjc82atx6z7h,Top 3/3
wj1gt5zvzfnjf7xcf1c8,Top 3/3
wmep7eexur6wwrlrz9sv,Top 3/3
wmes720kojsggeq71m5y,Top 3/3
woxwsoo99kl7vq4mk0rr,Top 3/3
wty9xgte39cr5rp39e50,Top 3/3
wu3cwt7cavxrllp6s123,Top 3/3
wwh529n48kyjq1xe9h46,Top 3/3
wxgj9kdmdrmullrthnso,Top 3/3
wyhkcaf32y8h3707qzrz,Top 3/3
wzfry2domlqnblox9w1b,Top 3/3
x7xh8m5fvmipvkav1cb4,Top 3/3
x8hldszj3z40bgxl4mci,Top 2/3
x8hocidvl3emcmrhw2f8,Top 3/3
x9xz7kb08kmf1tytnc1f,Top 3/3
xf5q0ixkpbxl3w7k16qo,Top 3/3
xgvqpyg5mro3wihwngur,Top 3/3
xh8a7nmtz192pknhec33,Top 3/3
xlp4p1b56hrhhyr2y3kd,Top 3/3
xnvmb8uox3576k142awg,Top 3/3
xsxczvs8iluovs3pt5q7,Top 3/3
xvfa4ysm4deeobu8wkym,Top 3/3
xw0r5n17yfqv2va40bhi,Top 3/3
xy7cro773yqyoblucwkp,Top 3/3
xz7x7kwsn26marn29mag,Top 2/3
y0bdtutppfdzzttzq8dy,Top 3/3
yb4sqfrwu788fa6y4zeb,Top 3/3
yesnbayr80dvsb8ajp9v,Top 2/3
ygc6nfsry40yon3nicac,Top 3/3
ygoahstwe9gz9w87qncs,Top 3/3
yj708ceb2o5gueez45or,Top 2/3
ymb5gxf0fi27kpj2f101,Top 3/3
yums89f0epz009xrrwrf,Top 3/3
yvyud23n1eara086vntf,Top 3/3
yyz9rmyzzdp52h0glddp,Top 3/3
z0mde15metn3m79ek96y,Top 3/3
z0ti2nr5nh9fpad7wntt,Top 2/3
z23fh1v40p3hmxxspbo9,Top 3/3
z9q10sbk27qpuvatlkuw,Top 3/3
zc7xkcpo969z98kh6bg8,Top 2/3
zeuj2ypen39p38d4m3oj,Top 3/3
zeuj820acn6zhcbx617v,Top 3/3
zhx5rxgopln1p5hd10ql,Top 3/3
zlaig56ve06t7jruk2mr,Top 3/3
zon2ut7eqwqd7i86etaw,Top 3/3
zoo8a9uj8a0dplifqzdp,Top 3/3
zprxec1qxs8nqsmc5830,Top 3/3
zq3xohaut5o9dbd9064z,Top 3/3
zse4s5wowlo5xntqyqb4,Top 2/3
zuw35j06tzftt6oon4c5,Top 3/3
zyfp520tbnq5p2pvrkin,Top 2/3
zylvq01zq0hxavbvsd2f,Top 2/3
